loc_new;aisle;bayint;level;bin;recdate;tglproduksi;usiaproduk;expired;qty;batchvendor;kategori;sloc_comb;sloc_description;qtybag
AA.01;AA;1;1;A;11/12/23 09.59;19/07/22;748;19/07/24 00.00;6000;220719;LOKAL;0056 - RAMAPET IRS;RAMAPET IRS;6
AA.01;AA;1;1;B;11/12/23 09.59;23/06/22;774;23/06/24 00.00;1000;220623;LOKAL;0056 - RAMAPET IRS;RAMAPET IRS;1
AA.01;AA;1;1;F;11/12/23 09.59;15/07/22;752;15/07/24 00.00;1000;220715;LOKAL;0056 - RAMAPET IRS;RAMAPET IRS;1
AA.01;AA;1;1;G;11/12/23 09.59;10/04/22;848;10/04/24 00.00;2000;220410;LOKAL;0056 - RAMAPET IRS;RAMAPET IRS;2
AA.02;AA;2;1;A;11/12/23 09.59;18/06/22;779;18/06/24 00.00;1000;220618;LOKAL;0056 - RAMAPET IRS;RAMAPET IRS;1
AA.02;AA;2;1;B;11/12/23 09.59;19/06/22;778;19/06/24 00.00;1000;220619;LOKAL;0056 - RAMAPET IRS;RAMAPET IRS;1
AA.02;AA;2;1;C;11/12/23 09.59;13/06/22;784;13/06/24 00.00;2000;220613;LOKAL;0056 - RAMAPET IRS;RAMAPET IRS;2
AA.02;AA;2;1;D;11/12/23 09.59;22/06/22;775;22/06/24 00.00;1000;220622;LOKAL;0056 - RAMAPET IRS;RAMAPET IRS;1
AA.02;AA;2;1;F;11/12/23 09.59;23/06/22;774;23/06/24 00.00;1000;220623;LOKAL;0056 - RAMAPET IRS;RAMAPET IRS;1
AA.02;AA;2;1;H;11/12/23 09.59;07/06/22;790;07/06/24 00.00;3000;220607;LOKAL;0056 - RAMAPET IRS;RAMAPET IRS;3
AA.02;AA;2;1;I;11/12/23 09.59;11/06/22;786;11/06/24 00.00;1000;220611;LOKAL;0056 - RAMAPET IRS;RAMAPET IRS;1
AA.02;AA;2;1;K;11/12/23 09.59;10/06/22;787;10/06/24 00.00;2000;220610;LOKAL;0056 - RAMAPET IRS;RAMAPET IRS;2
AA.02;AA;2;1;L;11/12/23 09.59;24/06/22;773;24/06/24 00.00;1000;220624;LOKAL;0056 - RAMAPET IRS;RAMAPET IRS;1
AA.02;AA;2;1;M;11/12/23 09.59;03/06/22;794;03/06/24 00.00;1000;220603;LOKAL;0056 - RAMAPET IRS;RAMAPET IRS;1
AA.08;AA;8;1;A;11/12/23 09.59;19/07/22;748;19/07/24 00.00;6000;220719;LOKAL;0056 - RAMAPET IRS;RAMAPET IRS;6
AA.08;AA;8;1;B;11/12/23 09.59;10/06/22;787;10/06/24 00.00;2000;220610;LOKAL;0056 - RAMAPET IRS;RAMAPET IRS;2
AA.08;AA;8;1;C;11/12/23 09.59;15/07/22;752;15/07/24 00.00;2000;220715;LOKAL;0056 - RAMAPET IRS;RAMAPET IRS;2
AA.08;AA;8;1;D;11/12/23 09.59;02/06/22;795;02/06/24 00.00;1000;220602;LOKAL;0056 - RAMAPET IRS;RAMAPET IRS;1
AA.08;AA;8;1;E;11/12/23 09.59;09/06/22;788;09/06/24 00.00;1000;220609;LOKAL;0056 - RAMAPET IRS;RAMAPET IRS;1
AA.08;AA;8;1;F;11/12/23 09.59;13/06/22;784;13/06/24 00.00;2000;220613;LOKAL;0056 - RAMAPET IRS;RAMAPET IRS;2
AA.09;AA;9;1;A;11/12/23 09.59;15/07/22;752;15/07/24 00.00;2000;220715;LOKAL;0056 - RAMAPET IRS;RAMAPET IRS;2
AA.09;AA;9;1;B;11/12/23 09.59;22/06/22;775;22/06/24 00.00;1000;220622;LOKAL;0056 - RAMAPET IRS;RAMAPET IRS;1
AA.09;AA;9;1;C;11/12/23 09.59;21/07/22;746;21/07/24 00.00;2000;220721;LOKAL;0056 - RAMAPET IRS;RAMAPET IRS;2
AA.09;AA;9;1;D;11/12/23 09.59;17/07/22;750;17/07/24 00.00;1000;220717;LOKAL;0056 - RAMAPET IRS;RAMAPET IRS;1
AA.09;AA;9;1;E;11/12/23 09.59;20/07/22;747;20/07/24 00.00;1000;220720;LOKAL;0056 - RAMAPET IRS;RAMAPET IRS;1
AA.09;AA;9;1;F;11/12/23 09.59;21/06/22;776;21/06/24 00.00;7000;220621;LOKAL;0056 - RAMAPET IRS;RAMAPET IRS;7
AA.10;AA;10;1;A;11/12/23 09.59;23/07/22;744;23/07/24 00.00;3000;220723;LOKAL;0056 - RAMAPET IRS;RAMAPET IRS;3
AA.10;AA;10;1;B;11/12/23 09.59;18/07/22;749;18/07/24 00.00;1000;220718;LOKAL;0056 - RAMAPET IRS;RAMAPET IRS;1
AA.10;AA;10;1;C;11/12/23 09.59;20/07/22;747;20/07/24 00.00;3000;220720;LOKAL;0056 - RAMAPET IRS;RAMAPET IRS;3
AA.10;AA;10;1;D;11/12/23 09.59;24/07/22;743;24/07/24 00.00;2000;220724;LOKAL;0056 - RAMAPET IRS;RAMAPET IRS;2
AA.10;AA;10;1;E;11/12/23 09.59;17/07/22;750;17/07/24 00.00;2000;220717;LOKAL;0056 - RAMAPET IRS;RAMAPET IRS;2
AA.10;AA;10;1;F;11/12/23 09.59;21/07/22;746;21/07/24 00.00;3000;220721;LOKAL;0056 - RAMAPET IRS;RAMAPET IRS;3
AA.12;AA;12;1;A;09/03/24 08.42;21/01/24;197;21/01/26 00.00;6600;240121;IMPORT;0052 - WANKAI;WANKAI;6
AA.13;AA;13;1;B;09/03/24 09.04;22/01/24;196;22/01/26 00.00;2200;240122;IMPORT;0052 - WANKAI;WANKAI;2
AA.14;AA;14;1;B;14/06/24 10.56;30/01/24;188;30/01/26 00.00;1100;240130;IMPORT;0052 - WANKAI;WANKAI;1
AA.14;AA;14;1;C;14/06/24 10.56;30/01/24;188;30/01/26 00.00;1100;240130;IMPORT;0052 - WANKAI;WANKAI;1
AA.18;AA;18;1;A;09/03/24 09.06;22/01/24;196;22/01/26 00.00;8800;240122;IMPORT;0052 - WANKAI;WANKAI;8
AA.19;AA;19;1;A;09/03/24 09.06;22/01/24;196;22/01/26 00.00;7700;240122;IMPORT;0052 - WANKAI;WANKAI;7
AA.19;AA;19;1;B;09/03/24 09.08;23/01/24;195;23/01/26 00.00;1100;240123;IMPORT;0052 - WANKAI;WANKAI;1
AA.20;AA;20;1;A;09/03/24 09.07;22/01/24;196;22/01/26 00.00;2200;240122;IMPORT;0052 - WANKAI;WANKAI;2
AA.20;AA;20;1;B;09/03/24 09.30;22/01/24;196;22/01/26 00.00;6600;240122;IMPORT;0052 - WANKAI;WANKAI;6
AA.21;AA;21;1;A;09/03/24 09.34;22/01/24;196;22/01/26 00.00;8800;240122;IMPORT;0052 - WANKAI;WANKAI;8
AA.23;AA;23;1;A;08/03/24 03.08;21/01/24;197;21/01/26 00.00;4400;240121;IMPORT;0052 - WANKAI;WANKAI;4
AA.23;AA;23;1;B;09/03/24 09.35;22/01/24;196;22/01/26 00.00;6600;240122;IMPORT;0052 - WANKAI;WANKAI;6
AA.26;AA;26;1;B;08/03/24 02.56;21/01/24;197;21/01/26 00.00;4400;240121;IMPORT;0052 - WANKAI;WANKAI;4
AA.32;AA;32;1;A;27/02/24 20.40;23/01/24;195;23/01/26 00.00;6600;240123;IMPORT;0052 - WANKAI;WANKAI;6
AA.33;AA;33;1;A;27/02/24 20.36;23/01/24;195;23/01/26 00.00;15400;240123;IMPORT;0052 - WANKAI;WANKAI;14
AA.35;AA;35;1;A;27/02/24 19.56;23/01/24;195;23/01/26 00.00;8800;240123;IMPORT;0052 - WANKAI;WANKAI;8
AA.36;AA;36;1;A;27/02/24 18.57;23/01/24;195;23/01/26 00.00;2200;240123;IMPORT;0052 - WANKAI;WANKAI;2
AA.36;AA;36;1;B;27/02/24 19.54;23/01/24;195;23/01/26 00.00;13200;240123;IMPORT;0052 - WANKAI;WANKAI;12
AA.37;AA;37;1;A;27/02/24 18.56;23/01/24;195;23/01/26 00.00;15400;240123;IMPORT;0052 - WANKAI;WANKAI;14
AA.38;AA;38;1;A;27/02/24 18.38;23/01/24;195;23/01/26 00.00;11000;240123;IMPORT;0052 - WANKAI;WANKAI;10
AA.38;AA;38;1;B;27/02/24 18.54;23/01/24;195;23/01/26 00.00;4400;240123;IMPORT;0052 - WANKAI;WANKAI;4
AA.39;AA;39;1;B;27/02/24 18.34;23/01/24;195;23/01/26 00.00;11000;240123;IMPORT;0052 - WANKAI;WANKAI;10
AA.41;AA;41;1;A;27/02/24 13.47;23/01/24;195;23/01/26 00.00;13200;240123;IMPORT;0052 - WANKAI;WANKAI;12
AA.42;AA;42;1;B;27/02/24 13.46;23/01/24;195;23/01/26 00.00;8800;240123;IMPORT;0052 - WANKAI;WANKAI;8
AA.46;AA;46;1;A;27/02/24 11.40;23/01/24;195;23/01/26 00.00;2200;240123;IMPORT;0052 - WANKAI;WANKAI;2
AA.47;AA;47;1;A;27/02/24 11.39;23/01/24;195;23/01/26 00.00;15400;240123;IMPORT;0052 - WANKAI;WANKAI;14
AA.48;AA;48;1;D;24/02/24 09.42;28/01/24;190;28/01/26 00.00;4400;240128;IMPORT;0052 - WANKAI;WANKAI;4
AA.48;AA;48;1;F;24/02/24 09.59;30/01/24;188;30/01/26 00.00;11000;240130;IMPORT;0052 - WANKAI;WANKAI;10
AA.49;AA;49;1;C;24/02/24 10.01;30/01/24;188;30/01/26 00.00;11000;240130;IMPORT;0052 - WANKAI;WANKAI;10
AA.49;AA;49;1;D;24/02/24 10.23;29/01/24;189;29/01/26 00.00;4400;240129;IMPORT;0052 - WANKAI;WANKAI;4
AA.50;AA;50;1;A;24/02/24 10.28;29/01/24;189;29/01/26 00.00;15400;240129;IMPORT;0052 - WANKAI;WANKAI;14
AA.51;AA;51;1;E;24/02/24 10.28;29/01/24;189;29/01/26 00.00;2200;240129;IMPORT;0052 - WANKAI;WANKAI;2
AA.51;AA;51;1;F;24/02/24 10.47;30/01/24;188;30/01/26 00.00;13200;240130;IMPORT;0052 - WANKAI;WANKAI;12
AA.52;AA;52;1;A;24/02/24 10.55;30/01/24;188;30/01/26 00.00;8800;240130;IMPORT;0052 - WANKAI;WANKAI;8
AA.52;AA;52;1;B;24/02/24 11.08;29/01/24;189;29/01/26 00.00;6600;240129;IMPORT;0052 - WANKAI;WANKAI;6
AA.53;AA;53;1;A;24/02/24 11.09;29/01/24;189;29/01/26 00.00;15400;240129;IMPORT;0052 - WANKAI;WANKAI;14
AA.54;AA;54;1;A;24/02/24 11.30;31/01/24;187;31/01/26 00.00;15400;240131;IMPORT;0052 - WANKAI;WANKAI;14
AA.55;AA;55;1;A;24/02/24 11.32;31/01/24;187;31/01/26 00.00;6600;240131;IMPORT;0052 - WANKAI;WANKAI;6
AA.55;AA;55;1;B;24/02/24 11.59;30/01/24;188;30/01/26 00.00;8800;240130;IMPORT;0052 - WANKAI;WANKAI;8
AA.56;AA;56;1;A;24/02/24 12.02;30/01/24;188;30/01/26 00.00;13200;240130;IMPORT;0052 - WANKAI;WANKAI;12
AA.56;AA;56;1;B;24/02/24 13.19;30/01/24;188;30/01/26 00.00;2200;240130;IMPORT;0052 - WANKAI;WANKAI;2
AA.57;AA;57;1;B;24/02/24 13.20;30/01/24;188;30/01/26 00.00;15400;240130;IMPORT;0052 - WANKAI;WANKAI;14
AA.58;AA;58;1;A;24/02/24 13.21;30/01/24;188;30/01/26 00.00;4400;240130;IMPORT;0052 - WANKAI;WANKAI;4
AA.58;AA;58;1;B;24/02/24 13.34;29/01/24;189;29/01/26 00.00;11000;240129;IMPORT;0052 - WANKAI;WANKAI;10
AA.59;AA;59;1;A;24/02/24 13.35;29/01/24;189;29/01/26 00.00;11000;240129;IMPORT;0052 - WANKAI;WANKAI;10
AA.59;AA;59;1;B;26/02/24 18.12;31/01/24;187;31/01/26 00.00;4400;240131;IMPORT;0052 - WANKAI;WANKAI;4
AA.60;AA;60;1;A;26/02/24 08.27;29/01/24;189;29/01/26 00.00;15400;240129;IMPORT;0052 - WANKAI;WANKAI;14
AA.61;AA;61;1;A;26/02/24 08.21;30/01/24;188;30/01/26 00.00;13200;240130;IMPORT;0052 - WANKAI;WANKAI;12
AA.61;AA;61;1;B;26/02/24 08.27;29/01/24;189;29/01/26 00.00;2200;240129;IMPORT;0052 - WANKAI;WANKAI;2
AA.62;AA;62;1;A;26/02/24 08.22;30/01/24;188;30/01/26 00.00;8800;240130;IMPORT;0052 - WANKAI;WANKAI;8